<!--
  ~   Copyright 2018. AppDynamics LLC and its affiliates.
  ~   All Rights Reserved.
  ~   This is unpublished proprietary source code of AppDynamics LLC and its affiliates.
  ~   The copyright notice above does not evidence any actual or intended publication of such source code.
  ~
  -->

<monitor>
        <name>HBaseMonitor</name>
        <type>managed</type>
        <description>HBase monitor</description>
        <monitor-configuration></monitor-configuration>
        <monitor-run-task>
                <execution-style>periodic</execution-style>
                <execution-frequency-in-seconds>60</execution-frequency-in-seconds>
                <name>HBase Monitor Run Task</name>
                <display-name>HBase Monitor Task</display-name>
                <description>HBase Monitor Task</description>
                <type>java</type>
                <execution-timeout-in-secs>60</execution-timeout-in-secs>
                <task-arguments>
                        <argument name="config-file" is-required="true" default-value="monitors/HBaseMonitor/config.yaml" />
                </task-arguments>
                <java-task>
                        <classpath>hbase-monitoring-extension.jar</classpath>
                        <impl-class>com.appdynamics.monitors.hbase.HBaseMonitor</impl-class>
                </java-task>
        </monitor-run-task>
</monitor>
